Ph-ID,Culture,Ph_cid,V1,V2,V3,V4,V5,V6,V7,V8,V9,V10,V11,V12,V13,V14,V15,V16,V17,V18,V19,V20,V21,V22,V23,V24,V25,V26,V27,V28,V29,V30,V31,V32,V33,V34,V35,V36,V37,V38,V39,V40,V41,V42,V43,V44,V45,V46,V47,V48,V49,V50,V51,Active
1,MS Delta Black,24619,5,1,5,2,2,2,1,5,1,1,0,0,3,1,0,4,1,1,1,0,1,0,1,1,1,0,1,1,3,0,4,1,1,1,0,4,0,3,1,3,1,4,2,1,4,3,3,1,5,5,3,1
2,Texas Black,62438,3,1,2,3,3,3,3,5,2,1,1,1,1,1,1,1,1,1,1,1,1,1,1,4,3,1,1,1,3,0,1,4,1,2,1,1,1,1,1,4,2,4,3,2,4,2,3,1,6,5,2,1
3,Alabama Black,62423,7,1,2,3,2,2,2,3,4,2,1,1,1,1,1,1,1,1,1,1,1,3,1,4,1,1,1,1,4,0,1,1,1,1,3,1,1,2,1,2,1,5,3,3,3,3,3,1,6,5,3,1
4,MS Delta Black,24619,4,2,4,3,2,3,4,3,1,1,1,1,1,1,3,1,2,1,1,1,1,0,1,4,1,1,1,1,1,1,1,1,1,1,1,4,0,3,1,3,1,3,4,2,3,3,2,1,6,5,3,1
6,Alabama Black,62423,4,4,4,3,2,2,1,2,4,1,0,0,1,1,0,1,1,1,1,0,1,1,1,1,1,0,1,1,1,1,4,1,1,1,0,1,4,4,1,3,1,3,3,2,3,4,1,1,6,5,2,1
7,Texas Black,62438,3,1,2,2,6,3,5,2,1,1,1,1,1,1,1,1,1,1,1,1,1,0,1,1,1,4,1,3,1,0,1,1,4,1,1,1,0,2,1,4,1,3,2,2,3,2,4,3,6,6,3,1
8,MS Delta Black,24619,3,1,3,4,2,3,3,4,3,1,1,1,1,1,1,1,1,1,1,1,1,1,1,1,1,1,1,1,1,0,3,1,1,4,1,4,1,1,2,3,1,2,3,3,2,4,3,1,6,5,2,1
9,Alabama Black,62423,4,1,3,3,3,3,1,4,2,1,0,0,4,1,0,1,1,1,1,0,1,1,1,1,1,0,3,2,1,0,1,2,3,4,0,1,1,2,3,3,1,3,4,3,2,2,3,1,6,6,2,1
10,Alabama Black,62423,4,1,4,3,3,4,2,3,1,1,1,1,1,4,1,2,3,1,1,1,1,0,1,1,1,1,1,1,1,0,4,1,1,3,1,1,0,3,1,3,1,3,3,2,3,3,3,1,6,5,3,1
14,Alabama Black,62423,3,1,3,3,3,3,3,3,2,1,1,1,1,1,1,1,1,4,1,1,1,1,1,1,3,1,1,1,3,0,1,4,1,1,1,1,1,3,3,3,1,3,3,4,3,3,2,2,6,6,2,1
15,Texas Black,62438,3,1,2,4,4,3,4,2,2,1,4,1,1,1,1,1,1,1,1,3,1,1,1,1,1,1,1,1,1,0,1,4,1,4,3,1,1,3,2,3,2,3,2,2,4,3,4,1,6,6,3,1
16,MS Delta Black,24619,3,2,3,3,3,3,3,4,1,2,1,1,1,1,1,1,1,1,4,1,1,0,3,1,1,1,1,1,1,1,1,4,1,1,1,1,0,3,2,3,2,3,3,4,4,2,3,2,6,7,3,1
17,Alabama Black,62423,3,2,3,3,3,3,2,3,3,1,1,1,1,1,1,1,4,1,1,1,1,3,1,1,1,1,1,1,1,1,1,4,1,4,1,1,3,2,2,3,2,3,3,4,3,2,3,2,7,7,4,1
18,MS Delta Black,24619,3,2,3,3,3,3,4,3,2,1,1,4,1,1,3,1,1,1,1,1,1,1,1,1,1,1,1,1,1,1,1,4,1,4,1,1,1,3,2,3,2,3,3,4,3,3,2,1,7,6,2,1
19,Texas Black,62438,3,2,2,3,4,3,2,3,3,1,1,1,1,1,1,1,1,1,2,1,1,1,1,3,1,1,1,1,1,1,1,1,1,1,1,1,4,3,1,4,2,3,3,3,2,4,3,1,7,6,4,1
20,MS Delta Black,24619,5,2,3,3,3,3,3,3,2,4,3,1,1,1,1,1,1,1,1,1,1,1,1,1,1,1,1,1,4,1,1,1,1,1,1,1,3,3,3,3,1,3,3,3,3,3,2,1,7,6,3,1
22,Alabama Black,62423,3,2,3,2,3,4,3,3,2,1,1,1,1,1,1,1,3,1,1,1,1,1,1,4,1,1,1,1,1,1,4,1,1,3,1,3,1,3,3,3,2,3,4,4,3,2,1,1,7,6,3,1
23,MS Delta Black,24619,5,2,4,3,3,2,3,3,1,1,1,1,3,1,1,4,1,1,1,1,1,0,1,1,1,1,1,1,4,1,3,2,1,1,1,1,0,2,1,2,1,5,2,2,4,4,2,2,6,6,2,1
24,Alabama Black,62423,4,1,4,3,3,3,3,2,3,3,1,4,1,1,1,1,1,1,1,1,1,1,2,1,1,1,1,1,1,0,1,3,1,4,1,1,2,1,1,3,2,3,2,3,3,4,3,2,6,6,3,1
25,MS Delta Black,24619,5,2,4,2,3,2,4,2,2,1,1,1,4,1,1,1,1,1,1,1,1,1,1,1,1,1,1,1,4,1,1,1,3,1,1,1,1,2,2,3,2,4,4,2,3,2,1,1,7,6,2,1
26,Alabama Black,62423,3,3,3,4,3,3,1,3,3,4,0,0,1,1,0,1,3,1,1,0,1,1,1,1,1,0,1,1,1,1,1,4,1,4,0,3,1,2,1,3,2,4,4,3,3,2,2,2,6,6,3,1
27,Texas Black,62438,3,2,4,3,3,5,1,3,1,3,0,0,1,1,0,1,4,1,1,0,1,0,1,1,1,0,1,1,1,1,3,1,1,4,0,1,0,4,2,2,2,3,2,3,2,2,5,1,6,6,2,1
29,MS Delta Black,24619,4,2,4,2,2,3,4,3,3,1,1,1,4,1,3,1,1,1,1,1,1,1,1,1,1,1,1,1,1,1,1,1,1,1,4,1,1,2,2,3,2,4,4,2,4,2,1,2,7,6,3,1
30,MS Delta Black,24619,4,1,3,3,3,4,3,3,1,1,1,1,3,1,1,1,1,2,1,1,1,0,1,1,4,1,1,1,2,0,1,4,1,1,4,1,0,3,2,3,1,3,3,4,3,3,2,2,6,6,4,1
31,Texas Black,62438,3,1,3,4,3,3,3,3,2,1,1,1,3,1,1,4,1,1,1,1,1,1,1,1,1,1,1,1,1,0,1,3,1,2,1,4,1,2,1,3,1,4,3,3,3,3,3,1,6,5,2,1
32,Alabama Black,62423,4,2,3,3,3,3,3,3,2,4,1,1,1,1,1,1,1,1,1,1,3,1,1,1,1,1,1,1,3,1,1,2,1,1,1,4,1,2,2,3,2,3,3,3,5,2,2,1,7,6,4,1
33,Alabama Black,62423,3,3,3,4,2,2,2,3,3,1,1,1,1,1,1,1,1,1,1,1,1,1,1,4,1,1,1,1,1,1,1,1,1,4,1,3,4,2,3,2,1,3,3,5,3,3,3,1,7,6,4,1
34,Alabama Black,62423,3,2,5,2,2,3,3,3,3,1,1,1,3,1,1,1,4,1,1,1,1,1,1,1,1,1,1,1,1,1,1,1,1,4,1,2,3,3,3,2,1,3,3,4,4,2,3,1,7,6,3,1
35,MS Delta Black,24619,3,2,3,4,3,3,4,2,3,1,2,1,1,1,1,1,1,1,1,1,1,1,1,1,1,1,1,1,3,1,1,4,1,1,2,1,1,3,3,4,2,3,2,3,3,2,2,1,7,6,3,1
36,MS Delta Black,24619,3,2,3,3,2,3,3,3,4,1,1,1,1,1,1,1,1,1,1,1,1,1,1,3,1,1,1,1,3,1,3,4,1,1,1,1,1,3,2,2,2,3,3,2,4,3,4,1,7,6,3,1
37,MS Delta Black,24619,4,2,4,3,3,3,3,3,3,1,1,1,1,3,1,1,1,1,1,1,1,1,1,4,1,1,1,1,4,1,1,1,3,1,3,1,1,3,2,2,2,3,3,3,3,3,1,1,7,6,3,1
39,Alabama Black,62423,3,2,3,3,3,4,3,3,2,1,1,1,1,1,1,1,1,1,4,1,1,1,1,1,3,1,1,1,1,1,1,3,1,4,1,1,1,2,2,3,2,3,3,2,3,2,3,2,7,7,2,1
40,MS Delta Black,24619,3,2,4,3,2,3,3,3,3,1,1,4,2,1,1,1,1,1,3,1,1,1,1,1,1,1,1,1,1,1,4,3,1,2,1,1,1,3,2,3,2,3,3,3,3,3,2,1,7,6,3,1
43,Appalachia,18349,3,2,3,3,3,3,3,3,1,1,1,1,1,1,1,1,1,1,1,1,1,0,1,4,1,1,1,1,1,1,1,3,2,4,1,1,0,3,3,3,2,3,3,3,4,3,2,1,6,6,4,1
44,Appalachia,18349,4,2,3,3,3,3,3,3,1,1,1,1,1,1,1,1,1,1,1,1,1,0,1,1,1,1,1,4,4,1,1,3,1,1,2,1,0,3,2,3,2,3,3,2,5,2,2,2,6,7,4,1
45,Appalachia,18349,4,2,2,4,3,4,2,3,1,4,1,1,1,1,1,1,1,1,1,1,1,0,1,1,1,1,1,1,2,1,1,3,1,4,1,1,0,2,3,3,2,3,3,3,3,3,2,1,6,6,4,1
46,Appalachia,18349,5,2,2,4,3,3,2,3,1,4,1,1,1,1,1,1,1,1,1,1,1,0,1,1,1,1,1,1,1,1,1,4,1,2,1,4,0,4,2,4,2,3,3,2,3,2,2,1,6,6,3,1
47,Appalachia,18349,3,2,4,4,3,3,3,4,1,3,1,1,1,1,1,1,1,1,1,1,1,0,1,1,4,1,1,1,1,1,4,1,1,1,1,1,0,3,2,3,2,4,3,2,4,2,2,1,6,6,4,1
48,Appalachia,18349,4,2,3,3,3,3,3,3,1,1,1,1,1,2,1,1,1,1,1,1,1,0,1,3,1,1,1,4,4,1,1,1,1,3,1,2,0,3,2,3,2,3,3,3,3,2,2,2,6,7,4,1
49,Appalachia,18349,4,2,3,3,3,3,4,2,2,1,4,1,1,1,3,1,1,1,1,1,1,1,1,1,1,1,1,1,4,1,1,1,1,3,1,3,1,3,2,3,2,3,3,3,3,2,3,2,7,7,4,1
50,Appalachia,18349,3,2,3,3,3,3,4,3,1,1,1,4,1,1,1,1,1,1,1,1,1,0,1,3,1,2,1,1,2,1,1,1,1,1,3,4,0,2,2,4,2,3,2,3,4,2,2,3,6,7,4,1
51,Appalachia,18349,5,2,3,3,3,3,2,3,2,1,1,1,1,1,1,1,1,1,1,1,1,1,1,4,1,1,1,3,1,1,1,2,1,3,1,4,1,2,2,3,2,3,4,2,3,3,2,2,7,7,4,1
52,Appalachia,18349,4,1,4,3,3,3,3,3,2,1,1,1,1,1,1,1,3,1,1,1,1,1,1,4,1,1,1,1,4,0,1,1,1,1,3,1,1,3,3,3,2,3,3,3,3,3,2,1,6,6,4,1
53,Appalachia,18349,4,1,3,3,3,3,3,3,2,1,1,4,1,1,1,1,1,1,1,1,1,1,1,1,1,1,3,1,1,0,1,4,1,1,1,1,1,3,3,3,2,3,3,3,3,3,2,1,6,6,4,1
54,Appalachia,18349,3,2,4,3,3,3,3,3,2,1,1,1,1,1,1,1,1,1,1,4,1,1,1,1,1,1,1,1,2,1,4,3,1,1,1,1,1,3,2,3,2,3,3,3,3,3,2,2,7,7,3,1
55,Appalachia,18349,3,3,3,3,3,3,3,3,2,1,1,1,1,1,2,1,1,1,1,1,1,1,4,1,1,1,1,1,4,3,1,2,1,1,1,1,1,3,2,3,2,3,3,4,3,3,2,2,7,7,4,1
63,Coastal Mainers,62546,4,2,4,3,3,3,3,3,1,1,1,1,1,1,4,1,3,1,1,1,1,0,1,2,1,1,1,1,2,1,1,3,1,4,1,1,0,3,1,3,2,3,3,3,3,2,3,2,6,6,4,1
64,Coastal Mainers,62546,4,2,3,3,3,3,3,4,2,3,1,1,1,1,1,1,1,1,1,1,1,1,1,4,1,1,1,1,3,1,1,4,1,1,1,4,1,2,2,3,1,3,3,3,3,3,2,2,7,6,4,1
65,Appalachia,18349,4,2,3,3,5,2,3,3,1,1,1,1,1,1,1,1,1,1,1,1,1,0,1,4,1,1,1,1,3,1,1,1,1,1,2,4,0,3,3,3,2,3,3,3,3,2,2,2,6,7,4,1
66,N European American Lumberjack,62548,3,2,5,3,3,3,2,3,1,1,1,1,3,1,1,1,4,1,1,1,1,0,1,1,1,1,1,1,3,1,1,1,1,4,1,1,0,3,2,2,2,3,3,3,3,3,2,2,6,7,3,1
67,N European American Lumberjack,62548,4,2,3,3,3,3,2,3,3,4,1,1,3,1,1,1,1,1,1,1,1,1,1,1,1,1,1,1,4,1,1,1,1,1,1,1,3,2,2,3,2,3,3,2,4,3,3,2,7,7,4,1
68,Appalachia,18349,4,2,3,3,3,2,4,2,2,4,1,3,2,1,1,1,1,1,1,1,1,1,1,1,1,1,1,1,1,1,1,4,1,1,4,1,3,3,2,3,2,4,3,3,3,2,3,2,7,7,4,1
69,N European American Lumberjack,62548,4,2,3,3,3,3,3,3,1,1,1,1,1,1,1,1,3,1,1,1,1,0,1,4,1,1,1,1,4,1,3,1,4,1,1,1,0,3,2,3,2,3,4,3,3,3,2,2,6,7,4,1
70,N European American Lumberjack,62548,4,2,3,3,3,3,3,3,1,1,1,1,1,1,1,1,1,1,1,1,1,0,1,4,1,1,1,3,4,1,3,1,3,1,1,1,0,2,2,3,3,3,3,2,3,3,2,3,6,7,4,1
71,N European American Lumberjack,62548,4,3,3,3,4,3,3,3,1,4,1,1,1,1,1,1,1,1,1,1,1,0,1,1,1,1,1,3,3,1,4,1,1,2,1,1,0,2,3,3,2,3,3,3,3,3,2,2,6,7,4,1
72,N European American Lumberjack,62548,5,2,3,3,3,3,3,3,1,3,1,1,1,1,1,1,1,4,1,1,1,0,1,1,1,1,1,1,4,1,1,1,1,3,1,1,0,2,2,3,2,3,3,3,3,3,2,2,6,7,4,1
73,N European American Lumberjack,62548,5,2,3,3,3,3,3,3,1,1,1,3,1,1,1,1,4,1,1,1,1,0,1,1,1,1,1,1,4,1,1,1,1,3,1,1,0,3,2,3,2,3,3,3,3,3,2,2,6,7,4,1
98,Jivaro,17667,4,1,7,2,1,1,5,1,1,1,1,3,1,1,4,0,0,0,0,0,0,0,0,0,0,0,0,0,1,0,1,1,0,0,1,0,0,1,1,3,1,3,3,2,2,3,6,1,3,5,3,1
99,Jivaro,17667,3,1,2,4,3,5,2,4,1,1,1,1,1,1,1,1,1,1,4,1,1,0,1,1,3,1,1,1,1,0,1,4,1,3,1,1,0,2,3,2,1,3,3,3,2,3,4,1,6,6,3,1
100,Jivaro,17667,6,1,6,1,1,2,3,1,1,0,0,1,4,0,1,0,1,3,0,1,0,0,0,0,0,0,0,0,4,0,3,0,0,1,1,0,0,1,5,2,1,5,4,2,1,2,2,1,3,5,2,1
101,Jivaro,17667,7,1,3,1,1,6,1,1,1,0,0,0,1,0,0,0,3,4,0,0,0,0,0,0,0,0,0,0,4,0,1,0,0,1,0,0,0,1,1,1,1,3,4,1,1,3,6,1,2,3,3,1
102,Jivaro,17667,2,2,3,4,3,2,6,2,1,1,4,1,1,1,1,2,1,1,1,1,1,0,1,1,1,3,1,1,1,1,1,3,1,2,4,1,0,2,1,3,1,4,3,3,2,3,3,2,6,6,3,1
103,Jivaro,17667,3,1,2,4,2,4,1,5,1,1,0,0,1,1,0,1,1,1,2,0,3,0,1,1,4,0,1,1,1,0,1,4,1,3,0,3,0,2,3,2,1,3,2,5,3,2,4,3,5,6,3,1
104,Jivaro,17667,3,2,4,3,3,3,4,2,1,1,3,4,1,2,1,1,1,1,1,1,1,0,1,1,1,1,1,1,4,1,2,1,4,1,1,3,0,2,1,3,1,5,3,3,3,4,2,1,6,5,3,1
105,Jivaro,17667,4,1,4,4,1,2,4,3,1,1,1,4,1,2,1,3,1,1,1,1,1,0,0,1,1,0,0,0,1,0,2,4,0,1,3,1,0,3,1,3,1,3,2,2,3,4,3,3,5,6,3,1
106,Jivaro,17667,3,1,2,5,1,4,5,2,1,1,4,2,1,1,1,1,1,1,1,3,1,0,0,1,1,0,0,0,1,0,1,4,0,1,4,1,0,3,1,4,1,4,3,1,1,3,3,1,5,4,3,1
115,Seri,25246,3,2,1,4,3,4,1,4,3,1,0,0,0,0,0,0,0,1,3,0,1,1,1,2,4,0,1,1,1,1,0,3,2,1,0,4,1,3,1,3,1,3,3,3,1,3,3,2,6,5,3,1
116,Seri,25246,3,1,3,5,1,4,1,4,4,1,0,0,1,2,0,1,1,1,3,0,1,1,0,1,4,0,0,0,1,0,1,3,0,1,0,3,4,3,1,3,1,4,3,3,1,3,3,2,5,5,2,1
117,Seri,25246,3,1,3,5,1,3,1,4,4,1,0,0,1,1,0,3,1,1,1,0,1,1,0,1,4,0,0,0,1,0,1,4,0,3,0,3,1,4,2,3,1,4,1,4,1,3,2,1,5,5,2,1
118,Seri,25246,3,1,3,4,2,3,1,5,3,1,0,0,1,1,0,3,1,1,2,0,1,1,1,4,1,0,1,1,1,0,1,3,1,1,0,4,2,3,3,3,1,4,2,3,1,3,3,1,6,5,2,1
119,Seri,25246,3,1,1,6,3,1,1,4,4,1,0,0,0,0,0,0,0,0,0,0,0,3,1,1,4,0,1,1,1,0,0,4,1,0,0,2,4,3,1,3,1,3,4,4,1,3,3,1,4,5,3,1
120,Seri,25246,3,1,1,5,1,3,1,6,3,1,0,0,0,0,0,0,0,1,1,0,3,2,0,1,4,0,0,0,1,0,0,4,0,3,0,1,1,3,3,2,1,3,3,3,1,3,3,3,4,6,2,1
121,Seri,25246,4,1,1,6,1,1,1,4,4,1,0,0,0,0,0,0,0,0,0,0,0,2,0,4,1,0,0,0,1,0,0,4,0,0,0,3,2,1,1,3,1,3,4,4,1,4,1,1,3,3,2,1
122,Seri,25246,3,1,1,3,1,1,1,6,6,1,0,0,0,0,0,0,0,0,0,0,0,3,0,1,4,0,0,0,1,0,0,1,0,0,0,4,4,4,3,4,1,2,2,4,1,3,1,1,3,5,3,1
123,Seri,25246,1,1,1,4,2,1,1,5,7,0,0,0,0,0,0,0,0,0,0,0,0,0,1,0,4,0,1,0,0,0,0,1,1,0,0,4,4,4,1,4,1,3,1,4,1,3,3,1,3,4,2,1
124,Seri,25246,1,1,1,4,1,1,1,6,6,0,0,0,0,0,0,0,0,0,0,0,0,0,0,0,4,0,0,0,0,0,0,4,0,0,0,1,3,1,3,3,1,1,3,4,1,3,3,3,2,5,3,1
129,Diné (Navaho),22243,4,1,4,6,3,3,1,1,1,3,0,0,1,1,0,0,1,1,1,0,0,0,0,0,0,0,1,1,3,0,4,1,1,1,0,0,0,1,6,1,1,1,1,1,5,1,4,1,4,2,2,1
130,Diné (Navaho),22243,3,1,3,5,1,4,1,5,1,1,0,0,1,1,0,1,2,1,1,0,1,0,0,4,3,0,0,0,1,0,1,3,0,2,0,4,0,1,1,1,1,3,1,4,1,1,7,1,4,2,2,1
131,Diné (Navaho),22243,3,1,3,5,1,3,1,6,1,1,0,0,1,2,0,1,1,1,3,0,1,0,0,1,4,0,0,0,1,0,1,4,0,3,0,4,0,1,1,1,1,2,1,3,1,1,7,4,4,3,2,1
132,Diné (Navaho),22243,3,1,3,5,1,4,1,5,1,1,0,0,1,2,0,1,1,3,1,0,1,0,0,4,1,0,0,0,1,0,1,4,0,2,0,4,0,1,1,1,1,1,1,6,1,1,7,1,4,2,2,1
133,Diné (Navaho),22243,4,1,1,3,1,5,5,2,1,3,1,1,0,0,0,0,0,2,1,1,4,0,0,0,0,0,0,0,4,0,0,2,0,3,1,4,0,1,1,1,1,4,3,4,2,2,5,1,3,4,2,1
134,Diné (Navaho),22243,4,1,1,4,1,3,1,7,1,1,0,0,0,0,0,0,0,1,1,0,2,0,0,4,3,0,0,0,4,0,0,3,0,1,0,4,0,1,1,1,1,3,3,4,1,5,4,1,3,3,2,1
135,Diné (Navaho),22243,4,1,1,5,1,3,1,6,1,1,0,0,0,0,0,0,0,1,3,0,1,0,0,4,2,0,0,0,1,0,0,4,0,2,0,3,0,1,1,1,1,3,3,3,1,1,6,4,3,3,2,1
136,Diné (Navaho),22243,1,1,1,7,1,7,1,1,1,0,0,0,0,0,0,0,0,0,4,0,0,0,0,0,0,0,0,0,0,0,0,3,0,4,0,0,0,1,1,1,1,1,1,1,1,1,7,1,2,1,2,1
137,Diné (Navaho),22243,1,1,1,7,1,6,1,1,1,0,0,0,0,0,0,0,0,0,4,0,0,0,0,0,0,0,0,0,0,0,0,3,0,4,0,0,0,1,1,1,1,1,1,1,1,1,7,1,2,1,2,1
138,Diné (Navaho),22243,1,1,1,7,1,6,1,1,1,0,0,0,0,0,0,0,0,0,4,0,0,0,0,0,0,0,0,0,0,0,0,3,0,4,0,0,0,1,1,1,1,1,1,1,4,1,7,1,2,2,2,1
140,Taos,26577,3,1,3,5,3,3,1,5,1,1,0,0,1,1,0,1,1,1,2,0,1,0,1,3,4,0,1,1,1,0,1,4,4,1,0,3,0,1,1,1,1,1,1,1,1,1,7,1,5,1,1,1
141,Taos,26577,3,1,3,4,1,3,1,6,1,1,0,0,1,1,0,1,1,1,2,0,1,0,0,4,3,0,0,0,1,0,1,1,0,1,0,4,0,2,3,3,1,3,3,3,1,3,4,1,4,5,2,1
142,Taos,26577,4,1,1,4,3,3,1,6,1,4,0,0,0,0,0,0,0,1,1,0,1,0,1,3,2,0,1,1,1,0,0,3,1,2,0,4,0,1,1,1,1,1,1,1,1,1,7,1,4,1,1,1
143,Taos,26577,3,1,1,3,3,3,1,7,1,1,0,0,0,0,0,0,0,1,3,0,1,0,1,1,4,0,1,1,1,0,0,1,3,1,0,4,0,1,1,1,1,1,1,1,1,1,7,1,4,1,1,1
144,Taos,26577,3,1,1,3,3,3,1,7,1,1,0,0,0,0,0,0,0,1,1,0,1,0,3,1,4,0,1,1,1,0,0,1,3,1,0,4,0,1,1,1,1,1,1,1,1,1,7,1,4,1,1,1
145,Taos,26577,4,1,1,5,1,4,1,4,1,2,0,0,0,0,0,0,0,1,1,0,1,0,0,3,4,0,0,0,1,0,0,4,0,3,0,3,0,1,1,1,1,1,1,5,1,1,7,1,3,2,2,1
146,Taos,26577,4,1,1,3,1,4,1,6,1,1,0,0,0,0,0,0,0,2,1,0,1,0,0,4,3,0,0,0,1,0,0,3,0,2,0,4,0,1,1,1,1,1,1,1,1,1,7,1,3,1,1,1
147,Taos,26577,3,1,1,3,5,1,1,6,1,1,0,0,0,0,0,0,0,0,0,0,0,0,1,2,4,0,3,1,1,0,0,1,3,0,0,4,0,1,1,1,1,1,1,1,1,1,7,1,3,1,1,1
148,Taos,26577,1,1,1,5,5,1,1,6,1,0,0,0,0,0,0,0,0,0,0,0,0,0,1,0,4,0,3,0,0,0,0,1,4,0,0,4,0,1,1,1,1,1,1,1,1,1,7,1,2,1,1,1
149,Taos,26577,1,1,1,1,5,1,1,7,1,0,0,0,0,0,0,0,0,0,0,0,0,0,4,0,0,0,0,0,0,0,0,0,3,0,0,4,0,1,1,1,1,1,1,1,1,1,7,1,2,1,1,1
150,Taos,26577,1,1,1,1,5,1,1,7,1,0,0,0,0,0,0,0,0,0,0,0,0,0,4,0,0,0,0,0,0,0,0,0,3,0,0,4,0,1,1,1,1,1,1,1,1,1,7,1,2,1,1,1
157,Bitterroot Salish,15368,3,1,1,5,2,6,1,3,1,1,0,0,0,0,0,0,0,3,2,0,1,0,1,1,4,0,1,1,1,0,0,4,1,3,0,3,0,1,1,1,1,1,1,1,1,4,7,1,4,2,2,1
158,Bitterroot Salish,15368,3,1,1,5,2,6,1,4,1,1,0,0,0,0,0,0,0,4,2,0,1,0,1,1,3,0,1,1,1,0,0,4,1,3,0,3,0,1,1,1,1,1,1,1,1,6,7,1,4,2,2,1
159,Bitterroot Salish,15368,4,1,3,4,1,3,6,1,1,1,3,4,1,1,1,0,1,2,1,1,0,0,0,0,0,0,0,0,1,0,1,4,0,1,3,0,0,1,2,1,1,2,2,2,3,2,7,1,4,5,2,1
160,Bitterroot Salish,15368,4,1,1,3,3,5,5,1,1,1,1,4,0,0,0,0,0,3,1,1,0,0,0,0,0,1,2,1,1,0,0,1,1,3,4,0,0,1,1,1,1,1,1,1,1,1,7,1,4,1,2,1
161,Bitterroot Salish,15368,1,1,1,7,1,6,1,1,1,0,0,0,0,0,0,0,0,0,4,0,0,0,0,0,0,0,0,0,0,0,0,4,0,4,0,0,0,1,1,4,1,1,1,1,1,1,7,1,2,2,2,1
162,Bitterroot Salish,15368,1,1,3,6,6,1,1,1,1,0,0,0,0,1,0,0,0,0,0,0,0,0,0,0,0,0,4,0,0,0,1,4,3,0,0,0,0,1,1,1,1,1,1,1,1,1,7,1,2,1,2,1
163,Bitterroot Salish,15368,1,1,1,5,7,1,1,1,1,0,0,0,0,0,0,0,0,0,0,0,0,0,0,0,0,0,4,0,0,0,0,3,4,0,0,0,0,1,1,1,1,1,1,1,1,5,7,1,2,2,2,1
164,Bitterroot Salish,15368,4,1,1,5,3,6,1,1,1,1,0,0,0,0,0,0,0,4,2,0,0,0,0,0,0,0,3,1,1,0,0,4,2,3,0,0,0,1,1,1,1,1,1,1,1,6,7,1,3,2,2,1
165,Bitterroot Salish,15368,1,1,1,7,1,6,1,1,1,0,0,0,0,0,0,0,0,0,4,0,0,0,0,0,0,0,0,0,0,0,0,4,0,4,0,0,0,1,1,1,1,1,1,1,1,1,7,1,2,1,2,1
166,Bitterroot Salish,15368,6,1,1,7,1,1,1,1,1,4,0,0,0,0,0,0,0,0,0,0,0,0,0,0,0,0,0,0,1,0,0,4,0,0,0,0,0,1,1,1,1,1,1,1,1,1,7,1,2,1,2,1
167,Inuinnait,14070,4,1,2,5,2,3,1,5,1,1,0,0,1,1,0,1,1,1,2,0,1,0,1,4,3,0,1,1,1,0,1,3,1,2,0,4,0,3,1,3,1,3,2,3,3,3,3,3,5,6,2,1
168,Inuinnait,14070,4,1,1,4,2,3,1,7,1,1,0,0,0,0,0,0,0,1,1,0,2,0,1,4,3,0,1,1,1,0,0,3,1,4,0,4,0,2,2,3,1,3,2,3,2,3,4,3,4,6,2,1
169,Inuinnait,14070,5,1,1,4,3,3,1,6,1,1,0,0,0,0,0,0,0,1,1,0,2,0,1,4,3,0,1,1,1,0,0,3,1,2,0,4,0,2,2,3,1,3,2,3,3,3,4,3,4,6,2,1
170,Inuinnait,14070,3,1,1,5,3,3,1,6,1,1,0,0,0,0,0,0,0,1,1,0,1,0,2,3,4,0,1,1,1,0,0,3,2,1,0,4,0,3,2,3,1,3,3,3,1,3,5,2,4,6,2,1
171,Inuinnait,14070,4,1,1,4,3,3,1,6,1,1,0,0,0,0,0,0,0,1,1,0,2,0,1,4,3,0,1,1,1,0,0,3,1,2,0,4,0,2,2,3,1,3,1,3,3,3,4,3,4,6,2,1
172,Inuinnait,14070,3,1,2,5,1,4,1,5,1,1,0,0,1,1,0,1,1,1,1,0,4,0,0,2,3,0,0,0,1,0,1,4,0,2,0,4,0,3,2,3,1,3,2,3,3,3,4,1,4,6,2,1
173,Inuinnait,14070,4,1,1,4,3,2,1,7,1,1,0,0,0,0,0,0,0,1,1,0,1,0,1,4,3,0,1,2,1,0,0,3,2,1,0,4,0,2,3,3,1,3,1,3,2,3,6,1,4,5,2,1
174,Inuinnait,14070,4,1,1,4,2,3,1,6,1,1,0,0,0,0,0,0,0,2,1,0,1,0,1,4,3,0,1,1,1,0,0,4,1,2,0,4,0,2,1,3,1,3,2,3,3,4,4,1,4,5,2,1
175,Inuinnait,14070,3,1,2,5,1,3,1,6,1,1,0,0,1,1,0,1,1,1,2,0,1,0,0,3,4,0,0,0,1,0,1,3,0,2,0,4,0,1,2,3,1,3,3,3,1,3,5,3,4,5,2,1
176,Inuinnait,14070,5,1,1,4,1,3,1,6,1,2,0,0,0,0,0,0,0,1,1,0,1,0,0,4,3,0,0,0,1,0,0,3,0,2,0,4,0,2,2,3,1,3,1,3,2,3,5,2,3,6,2,1
179,Hokkaido Ainu,16809,4,1,1,3,1,6,1,5,1,1,0,0,0,0,0,0,0,4,2,0,1,0,0,3,1,0,0,0,1,0,0,2,0,4,0,3,0,1,1,3,1,3,3,3,3,3,3,3,3,5,2,1
180,Hokkaido Ainu,16809,4,1,4,3,3,4,1,4,1,1,0,0,1,1,0,2,3,1,1,0,1,0,1,1,1,0,4,1,1,0,1,3,4,3,0,1,0,2,1,2,1,5,3,4,2,4,1,2,5,5,2,1
181,Hokkaido Ainu,16809,3,2,1,2,3,6,1,5,1,2,0,0,0,0,0,0,0,1,1,0,4,0,3,1,1,0,1,1,1,1,0,3,2,4,0,3,0,1,2,1,1,3,2,2,1,2,7,1,5,4,2,1
182,Hokkaido Ainu,16809,4,2,3,4,1,4,1,5,1,1,0,0,1,1,0,1,1,1,3,0,4,0,0,1,2,0,0,0,1,1,1,3,0,4,0,3,0,1,1,1,1,3,3,3,2,3,6,1,5,4,2,1
183,Hokkaido Ainu,16809,4,1,3,3,2,4,1,6,1,1,0,0,1,1,0,1,1,4,1,0,1,0,1,3,2,0,1,1,1,0,1,2,1,4,0,4,0,3,1,3,1,3,3,2,3,3,4,2,5,6,2,1
184,Hokkaido Ainu,16809,2,1,1,4,1,3,1,7,1,1,0,0,0,0,0,0,0,1,2,0,3,0,0,1,4,0,0,0,1,0,0,4,0,1,0,4,0,3,1,3,1,2,2,2,1,3,5,3,3,5,4,1
185,Sakhalin Ainu,10209,3,1,3,3,1,5,1,5,1,1,0,0,4,1,0,1,1,1,2,0,3,0,0,1,1,0,0,0,1,0,1,3,0,3,0,4,0,5,1,1,2,3,1,3,3,3,3,1,4,5,3,1
186,Hokkaido Ainu,16809,4,1,3,6,1,3,1,4,1,3,0,0,1,1,0,1,1,1,2,0,1,0,0,4,1,0,0,0,1,0,3,4,0,1,0,1,0,3,1,2,1,4,2,3,4,4,1,1,4,5,3,1
187,Sakhalin Ainu,10209,7,1,1,1,1,5,1,1,3,0,0,0,0,0,0,0,0,4,0,0,0,3,0,0,0,0,0,0,4,0,0,0,0,3,0,0,3,1,1,1,1,1,3,3,3,6,2,3,2,4,4,1
188,Sakhalin Ainu,10209,3,1,2,3,4,4,1,5,1,3,0,0,1,1,0,1,2,1,1,0,1,0,1,1,1,0,1,4,1,0,1,1,4,1,0,4,0,1,1,1,1,4,1,3,1,7,1,1,5,2,0,1
199,Hanunoo,16545,2,1,2,4,3,3,1,5,1,1,0,0,1,1,0,1,1,1,3,0,2,0,1,1,4,0,1,1,1,0,1,1,1,1,0,1,0,2,1,6,1,4,2,3,2,4,1,2,5,5,5,1
200,Hanunoo,16545,2,1,2,4,2,4,1,6,1,1,0,0,1,1,0,1,1,1,4,0,1,0,1,1,1,0,1,1,1,0,1,4,1,3,0,3,0,3,1,3,1,3,2,3,3,3,2,3,5,6,4,1
201,Hanunoo,16545,2,1,3,4,2,4,1,7,1,1,0,0,1,1,0,1,1,1,4,0,1,0,1,1,1,0,1,1,1,0,1,3,1,2,0,4,0,3,1,3,1,3,2,3,3,3,2,2,5,6,4,1
202,Hanunoo,16545,2,2,2,4,2,4,1,6,1,1,0,0,1,1,0,2,1,1,1,0,3,0,1,1,4,0,1,1,1,0,1,1,1,1,0,4,0,3,1,3,1,4,2,3,4,3,2,2,5,6,4,1
203,Hanunoo,16545,3,1,2,3,3,4,1,6,1,1,0,0,1,1,0,2,1,1,1,0,3,0,1,4,1,0,1,1,1,0,1,1,1,1,0,4,0,3,1,3,1,4,2,4,3,3,1,2,5,5,4,1
204,Hanunoo,16545,3,1,2,4,1,3,2,7,1,1,1,1,1,1,1,1,1,1,2,1,1,0,0,4,3,0,0,0,1,0,1,3,0,2,1,4,0,3,1,3,1,4,2,3,2,3,1,3,5,5,4,1
205,Hanunoo,16545,1,1,7,1,1,6,1,1,1,0,0,0,0,0,0,0,4,0,0,0,0,0,0,0,0,0,0,0,0,0,1,0,0,4,0,0,0,1,1,1,1,1,1,1,6,6,1,1,2,2,3,1
206,Hanunoo,16545,6,1,1,1,6,1,1,1,1,0,0,0,0,0,0,0,0,0,0,0,0,0,0,0,0,0,0,4,4,0,0,0,1,0,0,0,0,1,1,1,1,1,5,6,1,5,1,1,2,2,4,1
207,Hanunoo,16545,2,1,7,1,1,1,1,2,1,0,0,0,3,0,0,1,0,0,0,0,0,0,0,4,0,0,0,0,1,0,4,0,0,0,0,1,0,2,1,1,1,2,2,1,2,7,2,1,2,4,4,1
208,Hanunoo,16545,7,1,6,1,1,1,1,1,1,0,0,0,4,0,0,0,0,0,0,0,0,0,0,0,0,0,0,0,4,0,1,0,0,0,0,0,0,1,1,7,1,1,1,1,1,1,1,1,2,1,2,1
209,Hanunoo,16545,7,1,1,1,1,1,1,6,1,0,0,0,0,0,0,0,0,0,0,0,0,0,0,4,0,0,0,0,1,0,0,0,0,0,0,1,0,1,6,1,1,1,1,1,1,6,1,1,2,2,3,1
210,Hanunoo,16545,3,1,6,1,1,1,1,6,1,0,0,0,1,0,0,4,0,0,0,0,0,0,0,3,0,0,0,0,1,0,1,0,0,0,0,1,0,1,1,1,1,1,1,1,1,1,7,1,2,1,1,1
211,Hanunoo,16545,2,1,7,1,1,1,1,3,1,0,0,0,1,0,0,1,0,0,0,0,0,0,0,4,0,0,0,0,3,0,4,0,0,0,0,3,0,1,1,1,1,2,1,1,1,2,7,1,2,2,2,1
213,Temiar,26808,2,1,2,4,4,3,3,3,3,1,4,1,1,1,1,1,1,1,1,1,1,1,3,1,2,1,1,1,1,0,1,3,4,1,2,3,1,2,1,3,1,4,1,4,3,4,1,3,6,5,2,1
214,Temiar,26808,3,1,1,4,2,3,3,5,3,1,1,1,0,0,0,0,0,1,1,1,1,1,1,4,2,1,1,1,1,0,0,4,1,1,1,3,3,3,1,3,1,3,1,3,3,3,3,2,6,5,2,1
215,Temiar,26808,2,1,1,5,3,3,3,4,3,1,1,1,0,0,0,0,0,1,2,1,1,1,1,1,3,1,4,1,1,0,0,4,3,2,1,1,1,3,1,3,1,3,1,3,4,3,3,3,6,5,3,1
216,Temiar,26808,4,1,1,3,2,4,4,4,3,1,4,1,0,0,0,0,0,3,1,2,1,1,1,1,1,1,1,1,1,0,0,2,4,1,3,1,1,2,1,2,1,4,1,4,4,3,3,2,6,5,4,1
217,Temiar,26808,1,1,1,3,5,4,4,3,2,0,3,0,0,0,0,0,0,0,1,2,1,0,1,0,1,4,1,0,0,0,0,3,3,1,4,1,1,3,1,3,1,3,2,3,4,3,1,3,5,5,3,1
218,Temiar,26808,3,1,1,5,4,3,4,3,2,1,3,2,0,0,0,0,0,1,1,1,1,1,1,1,1,1,4,1,1,0,0,3,4,2,3,1,1,3,1,3,1,4,1,3,3,4,1,3,6,5,2,1
219,Temiar,26808,2,1,1,4,4,3,4,4,1,1,4,1,0,0,0,0,0,1,1,1,1,0,2,1,1,3,1,1,1,0,0,4,2,1,3,3,0,3,1,3,1,3,1,3,3,3,2,3,5,5,2,1
220,Temiar,26808,1,1,2,6,3,1,3,4,3,0,3,0,0,1,1,1,0,0,0,0,0,0,1,0,4,1,1,0,0,0,1,4,1,0,1,3,2,2,1,3,1,4,1,3,1,4,3,3,5,5,2,1
221,Temiar,26808,1,1,3,4,3,1,4,4,3,0,1,0,0,1,1,1,0,0,0,0,0,0,1,0,4,2,1,0,0,0,1,2,4,0,3,1,1,3,1,3,1,4,1,2,4,3,1,4,5,5,2,1
222,Temiar,26808,1,1,1,3,3,3,5,4,4,0,4,0,0,0,0,0,0,0,1,1,2,0,1,0,1,3,1,0,0,0,0,4,3,1,4,1,1,1,1,3,1,6,1,3,3,3,1,3,5,4,2,1
223,Temiar,26808,1,1,1,4,6,1,4,4,3,0,1,0,0,0,0,0,0,0,0,0,0,0,1,0,4,2,3,0,0,0,0,4,4,0,2,1,1,4,1,3,1,3,1,3,4,3,1,3,4,5,2,1
224,Yolngu,30080,3,1,3,4,3,3,4,3,1,1,3,4,1,2,1,1,1,1,1,1,1,0,1,1,1,1,1,1,1,0,1,4,3,2,3,1,0,3,1,3,1,3,1,3,5,3,1,2,6,5,3,1
225,Magatige,30074,1,1,3,4,1,5,6,1,1,0,3,0,0,1,1,0,2,0,1,4,0,0,0,0,0,0,0,0,0,0,1,3,0,4,4,0,0,3,1,3,1,3,1,2,5,4,1,1,3,4,3,1
226,Maung,30084,4,1,1,4,1,4,5,3,1,1,4,3,0,0,0,0,0,1,1,2,1,0,0,1,1,0,0,0,3,0,0,4,0,1,4,1,0,3,1,3,1,3,1,3,5,4,1,1,4,4,3,1
227,Magatige,11078,6,1,1,3,1,2,5,1,3,1,1,4,0,0,0,0,0,1,1,1,0,1,0,0,0,0,0,0,1,0,0,3,0,1,1,0,4,3,1,1,1,1,1,5,6,2,3,1,4,3,2,1
228,Rembarrnga,30076,4,1,1,5,2,1,6,1,1,2,4,3,0,0,0,0,0,0,0,0,0,0,0,0,0,1,1,1,4,0,0,4,1,0,3,0,0,1,1,1,1,1,1,7,2,3,3,2,3,3,2,1
229,Yolngu,30080,4,1,1,4,1,4,7,1,1,1,2,4,0,0,0,0,0,1,3,1,0,0,0,0,0,0,0,0,1,0,0,4,0,2,3,0,0,3,1,4,1,4,1,3,3,4,2,1,3,5,2,1
230,Yolngu,30080,3,1,3,4,1,4,6,1,1,1,4,1,1,1,2,0,1,1,3,1,0,0,0,0,0,0,0,0,1,0,1,4,0,2,4,0,0,4,1,3,1,3,1,2,5,3,1,1,4,4,2,1
231,Yolngu,30080,3,1,5,3,1,3,5,1,1,2,3,1,1,1,4,0,1,1,1,1,0,0,0,0,0,0,0,0,1,0,1,3,0,2,4,0,0,3,1,5,1,3,1,2,5,3,1,2,4,5,2,1
232,Gaagudju,30097,3,1,3,5,3,1,4,3,2,1,2,4,3,1,1,1,0,0,0,0,0,1,1,1,1,1,1,1,1,0,1,4,3,0,3,1,1,3,1,3,1,3,2,3,3,3,2,2,6,6,3,1
233,Yolngu,30080,2,1,2,3,4,4,4,3,3,1,3,1,1,1,1,1,1,1,1,4,1,1,1,1,1,1,1,1,1,0,1,1,2,3,4,1,1,3,1,3,1,4,1,3,4,3,1,3,6,5,2,1
234,Kunwinjku,30073,4,1,2,4,3,4,5,1,1,1,2,1,1,1,1,0,1,1,4,3,0,0,0,0,0,1,1,1,3,0,1,4,2,1,3,0,0,3,1,3,1,3,1,2,4,4,1,3,5,5,2,1
235,Maung,30084,3,1,2,4,1,4,5,1,4,1,1,1,1,1,1,0,1,1,4,2,0,1,0,0,0,0,0,0,1,0,1,3,0,3,4,0,1,3,1,3,1,4,1,4,3,4,1,1,5,4,2,1
236,Yolngu,30080,3,1,3,4,1,4,5,1,1,1,4,1,1,1,2,0,1,1,1,3,0,0,0,0,0,0,0,0,1,0,1,4,0,2,4,0,0,3,1,3,1,3,1,3,5,3,1,3,4,5,2,1
237,,,4,1,1,3,3,5,4,1,1,1,1,4,0,0,0,0,0,1,1,1,0,0,0,0,0,3,1,1,1,0,0,3,1,3,4,0,0,4,1,3,1,3,1,2,3,5,1,1,4,4,2,1
238,,,2,1,2,4,2,4,5,3,1,1,2,1,1,1,1,1,1,1,1,4,1,0,1,1,1,1,1,1,1,0,1,3,1,2,4,1,0,4,1,3,1,3,1,3,4,4,1,1,6,4,2,1
239,Mudburra,62549,2,1,4,3,2,3,4,4,1,1,2,1,1,1,1,4,1,1,1,3,1,0,1,1,1,1,1,1,1,0,1,3,1,1,4,2,0,2,3,1,1,3,1,3,4,6,1,1,6,4,2,1
240,Kunwinjku,30073,4,1,1,5,2,3,6,1,1,1,3,4,0,0,0,0,0,1,1,1,0,0,0,0,0,1,1,1,4,0,0,1,1,3,4,0,0,1,1,3,1,4,2,1,4,4,1,3,4,4,2,1
241,,,3,1,4,4,1,4,5,1,1,1,2,1,1,1,3,0,1,1,1,4,0,0,0,0,0,0,0,0,1,0,2,4,0,1,3,0,0,4,2,3,1,4,2,3,2,3,2,2,4,6,2,1
242,,,4,1,1,3,1,1,6,5,1,1,2,4,0,0,0,0,0,0,0,0,0,0,0,3,1,0,0,0,4,0,0,2,0,0,4,1,0,1,1,3,1,5,1,1,6,4,1,1,3,3,2,1
243,Magatige,11078,1,1,1,6,1,1,7,1,1,0,4,0,0,0,0,0,0,0,0,0,0,0,0,0,0,0,0,0,0,0,0,3,0,0,4,0,0,4,3,2,1,1,1,3,6,3,1,1,2,4,4,1
246,Manus,20813,3,1,3,3,7,3,1,3,1,1,0,0,1,1,0,1,1,1,1,0,1,0,1,1,1,0,1,1,1,0,1,1,4,1,0,1,0,3,3,2,1,3,3,3,2,3,2,3,5,6,2,1
247,Manus,20813,5,1,3,4,2,4,1,3,1,2,0,0,1,1,0,1,1,3,1,0,1,0,1,1,4,0,1,1,1,0,1,4,1,2,0,3,0,2,3,3,1,3,3,3,5,3,1,2,5,6,2,1
248,Manus,20813,3,1,3,5,3,3,1,4,1,1,0,0,1,1,0,1,1,1,1,0,3,0,1,1,4,0,1,1,1,0,1,4,1,1,0,1,0,3,3,3,1,3,3,3,4,3,1,2,5,6,2,1
249,Manus,20813,3,1,3,4,3,5,1,4,1,1,0,0,1,1,0,1,1,1,2,0,3,0,1,1,4,0,1,1,1,0,1,3,1,1,0,4,0,3,2,3,1,4,3,3,3,3,1,2,5,6,3,1
250,Manus,20813,3,1,4,4,3,3,1,4,1,1,0,0,1,1,0,4,1,2,1,0,1,0,1,1,3,0,1,1,1,0,1,4,1,1,0,3,0,2,3,2,1,4,3,3,4,3,1,1,5,5,2,1
251,Manus,20813,3,1,3,5,2,3,1,5,1,1,0,0,1,2,0,1,1,1,3,0,1,0,1,1,4,0,1,1,1,0,1,4,1,1,0,1,0,2,1,3,1,4,2,2,3,4,3,3,5,6,2,1
252,Manus,20813,3,1,3,5,3,3,1,5,1,1,0,0,1,2,0,1,1,1,1,0,1,0,1,1,4,0,3,1,1,0,1,4,1,1,0,1,0,2,1,3,1,4,1,3,4,3,3,1,5,5,2,1
253,Manus,20813,3,1,3,5,2,3,1,5,1,1,0,0,1,3,0,1,1,1,1,0,1,0,1,1,4,0,1,1,1,0,1,4,1,1,0,1,0,2,1,3,1,4,3,3,3,4,2,2,5,6,2,1
254,Manus,20813,3,1,4,4,2,4,1,4,1,1,0,0,1,1,0,4,1,2,1,0,1,0,1,1,3,0,1,1,1,0,1,3,1,4,0,4,0,3,1,1,1,4,3,3,3,3,3,1,5,5,2,1
255,Manus,20813,3,1,3,5,1,3,1,4,1,1,0,0,1,1,0,1,1,1,3,0,4,0,0,2,1,0,0,0,1,0,1,4,0,1,0,1,0,1,5,2,1,2,3,3,4,3,1,1,4,5,3,1
256,Manus,20813,4,1,3,4,1,4,1,4,1,1,0,0,1,1,0,1,1,1,3,0,4,0,0,2,1,0,0,0,1,0,1,4,0,3,0,1,0,1,4,2,1,3,3,4,3,4,1,1,4,5,3,1
257,Manus,20813,3,1,4,4,2,3,2,3,1,4,1,1,1,3,1,1,1,1,1,1,2,0,1,1,1,1,1,1,1,0,1,4,2,1,1,3,0,3,3,2,1,3,3,4,4,3,1,1,6,5,2,1
258,Usiai,28084,4,1,1,5,3,4,2,3,1,1,1,1,0,0,0,0,0,3,1,1,1,0,1,2,4,1,1,1,1,0,0,4,2,3,1,1,0,1,1,1,1,1,1,3,2,2,7,3,5,3,2,1
259,Usiai,28084,4,1,1,5,3,5,2,3,1,3,1,1,0,0,0,0,0,4,1,1,2,0,1,1,1,1,1,1,1,0,0,3,2,4,1,1,0,3,1,1,1,1,1,4,1,1,7,1,5,2,2,1
260,Usiai,28084,4,1,1,5,3,5,2,3,1,1,1,1,0,0,0,0,0,4,1,1,3,0,1,1,1,1,1,1,1,0,0,4,3,1,1,2,0,1,1,1,1,1,1,1,1,1,7,1,5,1,2,1
261,Usiai,28084,2,1,3,6,4,3,1,3,1,1,0,0,1,4,0,1,1,1,1,0,1,0,1,1,1,0,3,1,1,0,1,4,3,1,0,1,0,3,2,3,1,3,2,2,3,3,4,1,5,6,2,1
262,Usiai,28084,3,1,3,6,3,3,1,3,1,1,0,0,1,3,0,1,1,1,1,0,1,0,1,1,4,0,1,1,1,0,1,4,1,1,0,3,0,3,2,3,1,3,2,2,3,3,5,1,5,6,2,1
263,Usiai,28084,4,1,3,6,1,4,3,3,1,1,2,1,1,1,1,1,1,4,3,1,1,0,0,1,1,0,0,0,1,0,1,4,0,4,1,2,0,2,1,2,1,2,2,2,6,2,4,1,5,5,2,1
264,Usiai,28084,4,1,3,3,2,5,1,4,1,1,0,0,1,1,0,2,1,1,1,0,3,0,1,4,1,0,1,1,1,0,1,3,1,4,0,3,0,2,1,2,1,2,1,4,4,5,1,2,5,5,2,1
265,Usiai,28084,3,1,1,5,1,4,3,5,1,3,2,1,0,0,0,0,0,1,1,1,1,0,0,1,4,0,0,0,1,0,0,4,0,1,3,1,0,3,1,3,1,6,1,3,1,5,1,1,4,3,3,1
268,Maori,20835,4,1,3,5,1,3,1,5,1,1,0,0,1,1,0,2,1,1,4,0,1,0,0,3,1,0,0,0,2,0,1,3,0,1,0,4,0,2,1,3,1,4,3,3,3,4,2,2,4,6,2,1
269,Maori,20835,4,1,4,4,1,3,1,5,1,1,0,0,1,1,0,3,1,1,1,0,1,0,0,4,1,0,0,0,4,0,1,2,0,1,0,4,0,2,1,2,1,3,2,3,3,4,4,2,4,6,2,1
271,Maori,20835,3,1,4,4,1,3,1,6,1,1,0,0,1,1,0,4,1,1,1,0,1,0,0,3,1,0,0,0,3,0,4,1,0,1,0,4,0,2,1,3,1,4,1,2,3,3,4,2,4,5,2,1
272,Maori,20835,3,1,4,4,1,4,1,6,1,1,0,0,1,1,0,3,1,1,1,0,1,0,0,2,4,0,0,0,2,0,1,1,0,3,0,4,0,3,1,2,1,3,1,3,3,4,4,2,4,5,2,1
273,Maori,20835,2,1,3,6,1,3,1,6,1,1,0,0,1,1,0,2,1,1,3,0,1,0,0,1,4,0,0,0,1,0,2,4,0,1,0,4,0,3,1,3,1,3,1,2,3,4,4,2,4,5,2,1
274,Maori,20835,5,1,4,4,1,4,1,4,1,1,0,0,1,1,0,1,1,1,1,0,1,0,0,1,1,0,0,0,4,0,1,4,0,2,0,1,0,3,1,2,1,4,1,2,3,4,3,2,4,5,2,1
275,Maori,20835,5,1,4,4,1,4,1,4,1,1,0,0,1,1,0,1,1,1,1,0,1,0,0,1,1,0,0,0,4,0,4,1,0,2,0,1,0,3,1,2,1,4,1,2,2,4,4,2,4,5,2,1
276,Maori,20835,3,1,4,5,1,4,1,4,1,1,0,0,1,1,0,3,1,1,4,0,1,0,0,1,1,0,0,0,3,0,4,3,0,1,0,1,0,3,1,3,1,3,1,2,3,4,4,2,4,5,2,1
277,Maori,20835,3,1,4,4,1,3,1,6,1,1,0,0,1,1,0,4,1,1,1,0,2,0,0,1,3,0,0,0,1,0,1,3,0,3,0,4,0,3,1,3,1,4,1,3,3,4,2,2,4,5,2,1
279,Tikopia,27083,3,1,3,5,2,4,3,3,1,1,1,1,1,1,1,1,1,1,4,1,3,0,1,1,2,1,1,1,1,0,1,2,1,4,1,3,0,4,3,3,1,4,2,3,2,3,2,1,6,6,2,1
280,Tikopia,27083,3,1,3,5,2,4,3,4,1,1,1,1,1,1,1,1,1,1,4,1,2,0,1,1,3,1,1,1,2,0,1,1,1,3,4,4,0,1,2,4,1,4,3,3,2,3,1,2,6,5,2,1
281,Tikopia,27083,2,1,2,5,2,5,3,3,1,1,2,1,1,1,1,1,1,1,4,1,3,0,1,1,1,1,1,1,1,0,1,3,1,4,2,1,0,1,1,1,1,5,1,4,1,5,3,2,6,3,2,1
282,Tikopia,27083,2,1,2,5,5,2,4,1,1,1,3,1,1,1,1,0,1,1,1,1,0,0,0,0,0,2,4,1,1,0,1,3,4,1,2,0,0,3,1,3,1,4,1,3,3,4,3,3,5,5,2,1
283,Tikopia,27083,3,1,2,6,5,1,4,1,1,1,3,1,1,1,1,0,0,0,0,0,0,0,0,0,0,2,4,1,1,0,1,2,4,0,3,0,0,3,1,3,1,4,2,2,2,4,3,2,4,6,2,1
284,Tikopia,27083,3,1,2,4,5,2,5,1,1,1,4,1,1,1,1,0,1,1,1,1,0,0,0,0,0,3,2,1,1,0,1,2,3,1,4,0,0,2,1,3,1,3,3,3,3,3,4,1,5,5,2,1
285,Tikopia,27083,2,1,2,4,4,3,5,1,1,1,3,1,1,1,1,0,1,1,1,1,0,0,0,0,0,4,2,1,1,0,1,3,4,1,2,0,0,2,1,3,1,5,1,3,3,3,3,1,5,5,2,1
286,Tikopia,27083,3,1,3,4,4,2,4,1,1,1,4,1,1,1,1,0,1,1,1,1,0,0,0,0,0,2,3,1,1,0,2,2,4,1,3,0,0,1,1,1,1,6,1,3,3,3,3,3,5,4,2,1
287,Tikopia,27083,1,1,3,6,3,2,4,1,1,0,4,0,0,1,2,0,1,0,1,1,0,0,0,0,0,1,3,0,0,0,1,4,2,1,3,0,0,2,2,2,1,6,1,3,3,2,3,2,4,6,2,1
288,Tikopia,27083,1,1,2,4,6,1,6,1,1,0,4,0,0,1,1,0,0,0,0,0,0,0,0,0,0,3,2,0,0,0,1,2,3,0,4,0,0,3,1,4,1,2,2,2,2,3,5,1,3,5,2,1
289,Tikopia,27083,4,1,2,4,4,1,6,1,1,1,1,1,1,1,1,0,0,0,0,0,0,0,0,0,0,2,3,4,1,0,1,3,4,0,4,0,0,1,1,3,1,3,1,1,1,6,5,1,4,3,2,1
290,Dogon,14675,4,2,3,4,2,2,1,6,1,2,0,0,1,1,0,1,1,1,1,0,1,0,1,3,4,0,1,1,1,1,3,2,1,3,0,4,0,3,1,3,1,3,3,3,4,3,1,2,6,5,2,1
291,Dogon,14675,5,2,2,5,3,3,1,4,1,3,0,0,1,1,0,1,1,2,1,0,1,0,1,4,1,0,1,1,1,1,1,4,1,1,0,3,0,3,1,3,1,4,2,4,3,3,1,2,6,5,2,1
292,Dogon,14675,3,1,4,3,3,3,1,6,1,1,0,0,1,1,0,4,1,1,1,0,1,0,1,3,1,0,1,1,1,0,2,1,3,1,0,4,0,3,1,3,1,1,2,3,4,5,2,2,5,5,2,1
293,Dogon,14675,5,1,2,5,3,3,1,4,1,1,0,0,1,1,0,1,1,3,1,0,1,0,1,4,2,0,1,1,1,0,1,4,2,1,0,4,0,4,2,4,1,2,2,2,5,2,1,2,5,6,2,1
294,Dogon,14675,4,3,1,4,3,4,1,5,1,3,0,0,0,0,0,0,0,4,1,0,1,0,1,1,2,0,1,1,1,1,0,4,1,1,0,1,0,2,2,3,1,3,3,3,3,3,1,3,5,6,3,1
295,Dogon,14675,3,1,3,5,2,3,1,5,1,1,0,0,1,1,0,1,2,1,1,0,1,0,1,4,3,0,1,1,1,0,1,4,1,1,0,3,0,4,1,3,1,1,1,3,4,5,2,1,5,4,2,1
296,Dogon,14675,4,1,3,5,3,3,1,5,1,1,0,0,1,1,0,1,1,2,1,0,1,0,1,3,4,0,1,1,1,0,1,3,2,1,0,4,0,3,3,1,1,4,2,5,1,4,1,1,5,4,2,1
297,Dogon,14675,4,1,2,5,4,3,1,3,1,4,0,0,1,1,0,1,1,1,1,0,1,0,1,2,1,0,3,1,1,0,1,3,4,1,0,1,0,6,3,3,1,1,2,4,4,1,1,1,5,4,2,1
298,Dogon,14675,4,1,1,5,3,3,1,5,1,1,0,0,0,0,0,0,0,1,1,0,1,0,1,4,3,0,1,1,1,0,0,4,1,1,0,4,0,3,1,3,1,3,3,3,3,3,1,3,4,5,2,1
299,Dogon,14675,5,1,2,6,3,1,1,4,1,4,0,0,1,1,0,1,0,0,0,0,0,0,1,3,2,0,1,1,1,0,1,4,2,0,0,3,0,3,1,3,1,4,2,3,4,3,1,2,4,5,2,1
300,Dogon,14675,4,1,1,5,3,1,1,4,1,2,0,0,0,0,0,0,0,0,0,0,0,0,1,1,4,0,1,3,2,0,0,4,3,0,0,1,0,1,1,1,1,1,1,1,1,1,7,1,3,1,1,1
301,Loma,27314,3,1,3,4,3,4,2,4,1,1,1,1,1,1,1,4,1,3,2,1,1,0,1,1,1,1,1,1,1,0,1,4,1,4,2,1,0,3,5,1,1,3,3,2,3,2,3,1,6,5,2,1
302,Loma,27314,4,1,3,4,3,5,2,3,1,3,1,1,1,1,1,1,1,4,1,1,1,0,1,1,1,1,1,1,1,0,1,4,1,3,3,1,0,2,4,2,1,2,1,1,3,3,3,4,6,5,2,1
303,Loma,27314,4,1,3,4,2,5,3,3,1,1,1,1,1,1,1,3,1,4,1,1,1,0,1,2,1,1,1,1,1,0,2,4,1,3,1,1,0,3,4,3,1,3,2,3,4,3,1,1,6,5,2,1
304,Loma,27314,3,1,3,6,3,3,1,4,1,3,0,0,1,1,0,1,2,1,1,0,1,0,1,1,4,0,1,1,1,0,1,4,1,3,0,1,0,3,3,3,1,3,3,3,3,3,3,2,5,6,2,1
305,Loma,27314,6,1,3,2,2,3,1,6,1,1,0,0,3,1,0,2,1,1,1,0,1,0,1,4,1,0,1,1,4,0,1,1,1,1,0,4,0,4,5,2,1,2,3,3,3,3,1,1,5,5,2,1
306,Loma,27314,5,1,2,6,3,2,1,4,1,4,0,0,1,1,0,1,1,1,1,0,1,0,1,3,1,0,1,1,1,0,1,4,3,1,0,1,0,3,3,3,1,5,2,2,3,3,1,1,5,5,2,1
307,Loma,27314,4,1,3,4,3,3,1,4,1,4,0,0,1,1,0,1,1,1,1,0,3,0,1,1,1,0,1,1,1,0,1,1,1,3,0,4,0,4,4,3,1,3,1,2,3,4,1,1,5,5,2,1
308,Loma,27314,1,1,1,4,5,3,1,6,1,0,0,0,0,0,0,0,0,0,1,0,1,0,4,0,3,0,2,0,0,0,0,3,4,1,0,2,0,2,1,1,1,4,1,2,1,3,7,1,3,3,1,1
309,Loma,27314,7,1,3,3,1,5,1,3,1,1,0,0,1,1,0,1,1,4,1,0,1,0,0,1,1,0,0,0,4,0,1,1,0,1,0,1,0,1,1,1,1,3,2,1,1,3,7,1,4,3,2,1
310,Bahima,11342,4,2,3,5,2,3,1,4,1,1,0,0,1,3,0,2,1,1,1,0,1,0,1,4,1,0,1,1,1,1,1,4,1,3,0,4,0,1,2,2,1,3,3,1,3,2,6,1,6,5,2,1
311,Bahima,11342,3,2,3,3,2,3,3,4,1,1,1,1,1,1,1,4,1,1,1,1,2,0,1,3,1,1,1,1,1,1,1,3,1,4,1,3,0,3,1,2,1,3,2,2,4,5,2,1,6,5,2,1
312,Bahima,11342,3,2,3,3,2,4,3,4,1,1,1,3,1,1,1,4,1,1,1,1,1,0,1,1,2,1,1,1,1,1,1,4,1,2,1,4,0,3,2,3,1,3,2,2,3,5,2,2,6,6,2,1
313,Bahima Bahinda,11364,3,2,4,4,2,3,3,4,1,1,1,1,1,1,1,2,1,1,3,1,1,0,1,4,1,1,1,1,1,1,1,3,1,2,1,4,0,3,3,3,1,4,3,3,3,3,2,2,6,6,4,1
314,Bahima,11342,4,2,3,3,1,3,3,4,1,1,1,1,1,1,1,3,1,1,1,1,1,0,0,4,2,0,0,0,4,1,3,2,0,1,1,4,0,3,2,3,1,3,2,2,4,3,2,4,6,6,2,1
315,Bahima Bahinda,11364,4,2,3,5,1,2,4,3,1,1,1,4,1,3,1,1,1,1,1,1,1,0,0,2,1,0,0,0,1,1,1,2,0,1,4,4,0,4,3,3,1,1,2,1,3,3,4,1,6,5,2,1
316,Bahima Bahinda,11364,4,1,3,4,2,3,3,4,1,1,1,1,1,1,1,3,1,1,2,1,1,0,1,4,1,1,1,1,1,0,1,3,1,1,2,4,0,2,2,3,1,3,3,3,3,3,2,2,6,6,3,1
319,Bahima Bahinda,11364,3,1,3,4,1,2,4,5,1,1,1,3,1,1,4,1,1,1,1,1,1,0,0,1,2,0,0,0,1,0,1,4,0,1,2,4,0,2,2,5,1,3,3,3,3,3,3,2,5,6,4,1
320,Bulu,12783,4,1,3,4,4,3,3,3,1,2,1,4,1,1,1,3,1,1,1,1,1,0,1,1,1,1,1,1,1,0,1,4,4,1,2,1,0,4,2,3,1,4,3,1,3,3,2,2,6,6,2,1
321,Bulu,12783,3,1,3,6,2,3,3,4,1,1,2,1,1,3,1,1,1,1,1,1,1,0,1,1,4,1,1,1,1,0,1,4,1,4,1,2,0,3,1,1,1,3,4,2,3,3,1,3,6,5,3,1
322,Bulu,12783,3,1,4,3,3,3,2,5,1,1,1,1,1,1,1,4,1,1,1,1,1,0,3,1,1,1,1,2,1,0,3,2,4,1,1,1,0,4,1,3,1,2,1,5,1,5,1,1,6,3,2,1
323,Bulu,12783,2,1,2,6,3,3,3,4,1,1,2,1,1,1,1,1,1,1,1,1,3,0,1,1,4,1,1,1,1,0,1,4,1,2,1,3,0,2,2,4,1,3,3,4,2,3,3,1,6,6,2,1
324,Bulu,12783,3,1,3,7,3,2,4,1,1,1,4,1,3,1,1,0,1,1,1,1,0,0,0,0,0,1,1,1,1,0,1,4,1,1,4,0,0,3,3,3,1,4,1,5,1,3,1,2,5,5,2,1
325,Bulu,12783,3,1,3,5,2,4,4,1,1,1,1,4,1,1,1,0,1,1,2,3,0,0,0,0,0,1,1,1,1,0,1,4,1,1,3,0,0,4,2,4,1,2,2,2,2,4,1,3,5,6,2,1
326,Bulu,12783,4,1,3,4,4,2,4,1,1,3,2,1,1,1,4,0,1,1,1,1,0,0,0,0,0,1,1,1,1,0,1,3,4,1,2,0,0,2,4,5,1,2,2,4,1,2,1,2,5,5,2,1
327,Bulu,12783,2,1,2,6,2,2,6,1,1,1,4,1,1,1,1,0,1,1,1,1,0,0,0,0,0,1,1,1,1,0,1,4,1,1,4,0,0,1,2,3,1,3,4,3,4,3,1,1,5,5,2,1
328,Bulu,12783,3,1,3,4,1,4,3,4,1,1,1,1,1,1,1,3,1,1,1,1,2,0,0,1,4,0,0,0,1,0,1,4,0,1,1,1,0,2,1,4,1,2,3,4,3,3,3,1,5,5,3,1
329,Bulu,12783,4,1,3,3,1,5,5,1,1,1,4,1,1,1,1,0,1,2,1,3,0,0,0,0,0,0,0,0,1,0,1,4,0,4,2,0,0,2,1,5,1,2,3,3,4,1,1,3,4,5,2,1
330,Juǀʼhoansi,19262,4,1,3,3,2,3,3,5,1,1,1,1,1,1,1,1,1,1,1,1,1,0,1,4,1,1,1,1,4,0,1,3,2,2,1,4,0,4,1,2,1,4,4,2,3,3,3,3,6,6,2,1
331,Juǀʼhoansi,19262,4,1,3,4,1,2,3,5,1,1,1,1,1,1,1,3,1,1,1,1,1,0,0,4,1,0,0,0,3,0,2,2,0,1,1,4,0,5,1,2,1,1,3,3,3,4,2,2,5,5,2,1
347,Juǀʼhoansi,19262,2,1,4,4,3,4,4,3,1,1,1,1,1,1,4,1,1,1,1,1,3,0,1,1,1,1,2,1,1,0,1,1,3,2,4,1,0,2,1,2,1,2,2,2,1,3,6,3,6,5,2,1
348,Juǀʼhoansi,19262,2,3,5,3,4,4,1,3,1,1,0,0,1,1,0,1,4,1,1,0,1,0,1,1,1,0,1,1,1,2,1,1,4,4,0,1,0,3,1,1,1,3,1,1,2,3,7,1,6,3,2,1
349,Juǀʼhoansi,19262,5,1,3,4,3,2,1,4,1,1,0,0,1,3,0,1,1,1,1,0,1,0,1,4,1,0,1,2,1,0,2,1,3,4,0,4,0,4,1,1,1,1,2,2,1,2,6,4,5,4,2,1
350,Mbendjele,11215,7,1,2,7,1,1,1,1,1,4,0,0,2,1,0,0,0,0,0,0,0,0,0,0,0,0,0,0,4,0,1,3,0,0,0,0,0,1,1,1,1,1,1,1,1,1,7,1,2,1,2,1
351,Juǀʼhoansi,19262,6,1,4,5,3,1,1,3,1,1,0,0,4,1,0,1,0,0,0,0,0,0,1,3,1,0,1,2,1,0,4,1,1,0,0,4,0,1,1,6,1,1,1,1,1,1,7,1,4,2,2,1
352,Juǀʼhoansi,19262,1,1,6,2,5,1,5,1,1,0,1,0,0,1,4,0,0,0,0,0,0,0,0,0,0,1,1,0,0,0,4,1,2,0,3,0,0,1,1,3,1,2,1,1,2,6,6,1,3,3,2,1
353,Juǀʼhoansi,19262,2,1,5,4,1,1,1,7,1,1,0,0,1,3,0,4,0,0,0,0,0,0,0,1,2,0,0,0,1,0,1,3,0,0,0,4,0,1,1,1,1,1,1,1,1,7,6,1,3,2,2,1
354,Juǀʼhoansi,19262,3,1,1,4,6,3,1,4,1,1,0,0,0,0,0,0,0,1,1,0,1,0,1,2,1,0,4,1,1,0,0,1,4,3,0,2,0,1,1,1,1,1,1,1,1,7,6,1,4,2,2,1
355,Juǀʼhoansi,19262,2,1,3,5,1,1,1,7,1,1,0,0,1,1,0,1,0,0,0,0,0,0,0,1,4,0,0,0,1,0,1,3,0,0,0,4,0,1,1,1,1,1,1,1,1,6,7,1,3,2,2,1
356,Juǀʼhoansi,19262,1,1,1,6,1,1,1,7,1,0,0,0,0,0,0,0,0,0,0,0,0,0,0,0,4,0,0,0,0,0,0,3,0,0,0,4,0,1,1,1,1,1,1,1,1,7,6,1,2,2,1,1
357,Juǀʼhoansi,19262,1,1,1,1,6,1,1,7,1,0,0,0,0,0,0,0,0,0,0,0,0,0,4,0,0,0,0,0,0,0,0,0,1,0,0,1,0,1,1,1,1,1,1,1,1,1,7,1,2,1,2,1
360,Tuareg,27545,4,2,4,4,1,4,1,4,1,1,0,0,1,1,0,3,1,1,4,0,1,0,0,1,2,0,0,0,2,1,1,4,0,1,0,4,0,3,1,3,1,3,3,3,3,2,3,1,5,5,4,1
363,Tuareg,27545,2,1,3,5,1,3,3,5,1,1,1,1,1,3,1,1,1,1,1,1,1,0,0,1,4,0,0,0,1,0,1,4,0,1,1,1,0,2,3,3,1,4,2,3,2,3,2,2,5,6,4,1
364,Tuareg,27545,2,1,2,5,1,3,5,4,1,1,3,1,1,1,1,1,1,1,4,1,1,0,0,1,1,0,0,0,1,0,1,1,0,1,4,3,0,1,3,2,1,3,4,2,4,2,4,1,5,5,2,1
365,Tuareg,27545,4,1,3,6,1,3,1,4,1,1,0,0,1,1,0,1,1,1,3,0,1,0,0,4,2,0,0,0,1,0,2,4,0,1,0,3,0,3,1,3,1,2,2,3,4,3,4,1,4,5,3,1
366,Tuareg,27545,4,1,1,3,2,3,1,7,1,1,0,0,0,0,0,0,0,1,3,0,1,0,1,4,2,0,1,1,1,0,0,1,1,1,0,4,0,2,2,2,1,3,3,3,4,2,4,2,4,6,2,1
371,Barzani Kurd,19328,3,2,3,2,3,2,6,3,3,1,2,1,1,1,3,1,1,1,1,1,1,1,1,1,1,4,1,1,2,1,1,1,1,1,4,3,1,3,2,3,1,3,3,3,3,3,3,1,7,6,2,1
372,Barzani Kurd,19328,3,2,3,3,2,3,3,4,3,1,1,1,1,3,1,1,1,1,1,1,1,1,1,4,2,1,1,1,2,1,1,3,1,4,1,4,1,3,3,3,1,3,3,3,3,3,3,1,7,6,3,1
373,Barzani Kurd,19328,4,2,2,3,3,3,3,4,3,1,1,1,1,1,1,1,1,1,1,1,1,1,1,4,2,1,1,1,4,4,1,2,1,1,1,3,1,3,2,3,1,3,3,3,3,3,3,1,7,6,4,1
374,Harir Kurd,62469,3,2,2,3,2,3,4,3,3,1,3,1,1,1,1,1,1,1,2,4,1,1,1,1,1,1,1,1,1,1,1,2,1,1,4,3,1,3,2,3,1,3,3,3,3,3,4,1,7,6,3,1
375,Barzani Kurd,19328,3,2,3,3,2,3,2,5,2,1,1,1,1,1,1,4,1,1,1,1,1,1,1,2,3,1,1,1,4,1,3,3,1,1,1,2,1,2,2,2,1,4,3,3,3,3,3,1,7,6,3,1
376,Harir Kurd,62469,3,2,3,4,2,3,5,3,3,1,4,1,1,1,1,3,1,1,1,2,1,1,1,1,1,1,1,1,1,1,1,3,1,1,4,1,1,3,2,3,1,3,3,3,3,3,3,1,7,6,2,1
377,Barzani Kurd,19328,3,2,3,3,2,3,3,4,3,1,1,1,1,1,1,1,1,1,3,1,1,1,1,1,1,1,1,1,2,1,1,1,1,1,1,4,3,3,3,2,1,3,3,3,3,3,3,1,7,6,2,1
378,Barzani Kurd,19328,3,1,2,4,3,3,3,3,3,1,1,1,1,1,1,1,1,2,1,4,1,1,1,3,1,1,1,1,2,0,1,4,1,2,1,3,4,3,3,2,1,3,3,3,3,3,3,1,6,6,2,1
379,Barzani Kurd,19328,3,1,2,4,3,3,3,4,1,1,1,3,1,1,1,1,1,1,4,1,1,0,1,1,1,1,2,1,4,0,1,2,1,4,1,1,0,3,2,2,1,3,3,3,4,3,4,1,6,6,2,1
380,Barzani Kurd,19328,3,1,3,4,2,3,3,3,2,2,1,1,1,4,1,1,1,1,1,1,3,1,1,1,1,1,1,1,3,0,4,4,1,2,1,1,1,3,5,2,1,3,3,3,3,3,3,1,6,6,3,1
381,Barzani Kurd,19328,3,1,3,4,3,3,4,3,1,1,4,1,1,1,1,1,1,1,3,1,1,0,1,1,1,1,1,1,1,0,1,4,2,1,4,1,0,3,1,3,1,3,3,4,3,3,3,1,6,5,3,1
382,Barzani Kurd,19328,3,1,1,4,3,3,4,4,3,1,3,1,0,0,0,0,0,1,1,1,1,1,1,1,1,2,4,1,1,0,0,4,3,1,2,1,3,3,2,3,1,3,3,3,4,3,2,1,6,6,2,1
383,Barzani Kurd,19328,3,1,3,3,1,4,6,1,1,1,2,4,1,1,3,0,1,1,1,1,0,0,0,0,0,0,0,0,1,0,1,3,0,2,4,2,0,3,2,3,1,3,3,3,3,3,3,2,4,6,3,1
387,W Sáami,19702,7,1,6,1,1,2,1,3,1,0,0,0,4,0,0,1,1,1,0,0,3,0,0,1,0,0,0,0,1,0,3,0,0,1,0,4,0,1,1,2,1,3,3,2,6,3,2,1,3,5,4,1
388,W Sáami,19702,2,1,1,1,1,2,1,7,1,0,0,0,0,0,0,0,0,1,0,0,1,0,0,4,0,0,0,0,1,0,0,0,0,1,0,4,0,2,1,1,1,1,2,2,7,2,1,1,2,3,3,1
389,W Sáami,19702,1,1,1,1,4,5,1,7,1,0,0,0,0,0,0,0,0,0,0,0,4,0,3,0,0,0,0,0,0,0,0,0,1,3,0,4,0,1,1,1,1,1,1,1,7,3,1,3,2,2,3,1
390,W Sáami,19702,1,1,1,1,3,4,1,7,1,0,0,0,0,0,0,0,0,0,0,0,3,0,4,0,0,0,0,0,0,0,0,0,1,3,0,4,0,1,1,1,1,1,1,4,7,1,1,1,2,2,3,1
391,W Sáami,19702,1,1,6,1,1,4,1,6,1,0,0,0,0,0,0,4,1,0,0,0,3,0,0,0,0,0,0,0,0,0,4,0,0,1,0,4,0,1,1,1,1,1,1,6,6,1,2,1,2,2,2,1
392,W Sáami,19702,3,1,6,2,1,3,1,6,1,1,0,0,1,1,0,4,1,1,1,0,1,0,0,3,1,0,0,0,1,0,4,3,0,1,0,1,0,1,1,2,1,3,3,4,5,3,1,1,4,4,3,1
393,W Sáami,19702,3,1,2,3,1,2,1,7,1,1,0,0,1,1,0,1,1,1,1,0,1,0,0,1,4,0,0,0,1,0,1,4,0,1,0,4,0,3,1,1,1,3,2,3,7,2,2,1,4,5,3,1
394,W Sáami,19702,1,1,1,1,2,7,1,6,1,0,0,0,0,0,0,0,0,0,0,0,4,0,1,0,0,0,0,0,0,0,0,0,1,4,0,3,0,1,1,1,1,1,1,7,5,1,2,1,2,2,3,1
395,W Sáami,19702,4,1,2,2,1,5,1,6,1,1,0,0,1,1,0,1,1,3,1,0,1,0,0,4,1,0,0,0,1,0,1,1,0,3,0,4,0,1,1,2,1,2,2,3,6,4,2,1,4,5,3,1
396,W Sáami,19702,1,1,1,1,2,7,1,6,1,0,0,0,0,0,0,0,0,0,0,0,4,0,1,0,0,0,0,0,0,0,0,0,4,4,0,1,0,1,1,1,1,1,1,1,7,1,3,1,2,2,2,1
420,Spanish Basques,11804,3,1,4,4,1,4,1,6,1,1,0,0,1,4,0,2,1,1,1,0,1,0,0,3,1,0,0,0,1,0,1,3,0,1,0,4,0,2,2,2,2,3,3,3,3,3,2,2,4,7,3,1
421,Spanish Basques,11804,3,1,4,3,1,6,1,4,1,1,0,0,1,2,0,4,1,1,1,0,1,0,0,3,1,0,0,0,1,0,3,1,0,4,0,3,0,2,2,2,1,3,3,3,5,3,2,2,4,6,3,1
422,Spanish Basques,11804,3,1,3,4,1,3,1,6,1,1,0,0,1,1,0,1,1,1,2,0,1,0,0,4,3,0,0,0,2,0,1,3,0,1,0,4,0,3,1,2,1,4,3,4,3,3,2,2,4,6,3,1
423,Spanish Basques,11804,4,1,3,4,1,3,1,6,1,1,0,0,1,1,0,1,1,1,1,0,2,0,0,3,4,0,0,0,1,0,2,3,0,1,0,4,0,2,3,3,1,3,3,3,3,3,2,1,4,6,2,1
424,Spanish Basques,11804,4,1,3,4,1,3,1,5,1,1,0,0,1,1,0,1,1,1,2,0,1,0,0,4,3,0,0,0,1,0,1,1,0,4,0,4,0,3,3,2,1,3,4,3,3,3,2,1,4,6,2,1
425,Spanish Basques,11804,4,1,3,4,1,3,1,6,1,1,0,0,1,1,0,3,1,1,1,0,1,0,0,2,4,0,0,0,1,0,1,1,0,1,0,4,0,3,3,1,1,3,3,3,3,3,2,2,4,6,3,1
426,Spanish Basques,11804,5,1,3,4,1,3,1,5,1,1,0,0,1,1,0,1,1,1,4,0,1,0,0,3,2,0,0,0,2,0,1,3,0,1,0,4,0,2,1,2,1,3,4,3,3,3,3,1,4,5,2,1
427,Spanish Basques,11804,3,1,4,4,1,3,1,4,1,1,0,0,1,1,0,4,1,1,1,0,1,0,0,1,3,0,0,0,1,0,1,4,0,1,0,1,0,2,1,2,1,3,4,4,3,4,2,1,4,5,3,1
428,Spanish Basques,11804,3,1,4,3,1,4,1,6,1,1,0,0,1,1,0,4,1,1,1,0,2,0,0,3,1,0,0,0,1,0,1,1,0,3,0,4,0,2,2,3,1,3,4,3,3,3,1,1,4,5,2,1
429,Spanish Basques,11804,3,1,4,4,1,3,1,5,1,1,0,0,1,3,0,4,1,1,1,0,1,0,0,2,1,0,0,0,1,0,1,1,0,1,0,4,0,3,1,2,1,4,4,3,3,3,1,2,4,5,3,1
430,León,26005,4,1,3,4,1,3,4,3,2,3,4,1,1,1,1,1,1,1,1,1,1,1,0,1,1,0,0,0,1,0,1,4,0,1,1,1,1,2,2,3,2,3,3,3,4,3,2,1,6,6,3,1
431,León,26005,3,1,3,5,1,3,3,3,3,1,1,4,1,1,1,1,1,1,3,1,1,1,0,1,2,0,0,0,1,0,1,4,0,4,1,3,1,3,1,3,1,3,3,3,5,3,2,1,6,5,2,1
432,León,26005,4,1,2,5,1,3,5,2,3,2,3,4,1,1,1,1,1,1,1,1,1,1,0,1,1,0,0,0,1,0,1,4,0,1,4,1,1,3,2,3,1,3,3,3,4,3,1,1,6,5,2,1
433,León,26005,4,1,3,3,1,5,4,2,1,1,3,4,1,1,1,1,1,1,2,1,1,0,0,1,1,0,0,0,1,0,1,1,0,4,4,1,0,2,5,2,1,3,3,3,3,3,2,2,5,6,3,1
434,León,26005,4,1,2,4,1,4,4,3,1,1,1,4,1,1,1,1,1,2,1,1,3,0,0,1,1,0,0,0,1,0,1,2,0,3,1,4,0,3,3,3,2,3,3,3,3,2,2,1,5,6,4,1
435,León,26005,3,1,3,4,1,5,5,1,1,1,1,2,1,1,1,0,1,1,3,4,0,0,0,0,0,0,0,0,2,0,1,1,0,3,4,0,0,3,2,2,1,3,3,3,4,3,2,2,4,6,3,1
436,León,26005,3,1,3,4,1,4,6,1,1,1,4,2,1,1,1,0,1,1,3,1,0,0,0,0,0,0,0,0,1,0,1,1,0,3,4,0,0,2,2,3,1,3,3,3,3,3,2,2,4,6,3,1
437,León,26005,3,1,2,4,1,5,5,1,1,1,2,1,1,1,1,0,1,1,4,3,0,0,0,0,0,0,0,0,2,0,1,1,0,3,4,0,0,3,3,3,1,3,3,3,3,3,2,2,4,6,3,1
438,León,26005,3,1,3,5,1,4,2,4,1,1,1,1,1,1,1,3,1,2,4,1,1,0,0,1,1,0,0,0,1,0,1,2,0,4,1,3,0,2,3,2,2,3,3,3,4,3,2,1,5,6,3,1
439,Granada,62415,4,1,3,4,1,3,3,4,1,1,1,1,1,1,1,2,1,1,1,1,1,0,0,4,3,0,0,0,1,0,1,3,0,1,1,4,0,2,3,2,1,3,3,2,3,3,3,1,5,6,2,1
440,Seville,62416,3,1,3,5,1,4,1,4,1,1,0,0,1,1,0,1,1,1,3,0,1,0,0,1,4,0,0,0,2,0,1,3,0,1,0,4,0,3,3,3,1,3,3,3,3,3,2,1,4,6,3,1
441,Córdoba,62547,5,1,4,3,1,4,1,5,1,1,0,0,3,1,0,1,1,1,1,0,1,0,0,4,2,0,0,0,4,0,1,1,0,1,0,4,0,3,2,3,1,3,3,3,3,3,3,1,4,6,2,1
442,Cadiz,10572,4,1,3,4,1,5,1,4,1,3,0,0,1,1,0,1,1,1,1,0,1,0,0,4,2,0,0,0,1,0,1,1,0,1,0,4,0,3,3,3,1,3,3,2,4,3,2,1,4,6,2,1
443,Cadiz,10572,4,1,3,6,1,3,1,4,1,3,0,0,1,1,0,1,1,1,1,0,1,0,0,4,1,0,0,0,4,0,1,4,0,1,0,2,0,3,2,2,1,3,3,2,3,4,3,1,4,6,2,1
444,Seville,62416,4,1,3,4,1,4,1,6,1,2,0,0,1,1,0,1,1,1,1,0,4,0,0,1,3,0,0,0,1,0,1,3,0,3,0,4,0,2,3,3,1,3,2,3,3,3,3,1,4,6,3,1
445,Seville,62416,3,1,4,4,1,4,1,4,1,1,0,0,1,1,0,1,1,1,3,0,1,0,0,4,1,0,0,0,1,0,2,1,0,4,0,3,0,3,3,3,1,4,3,3,3,3,1,1,4,5,2,1
446,Seville,62416,5,1,1,4,1,4,1,5,3,1,0,0,0,0,0,0,0,1,1,0,1,1,0,4,1,0,0,0,2,0,0,1,0,1,0,3,4,3,1,3,1,3,3,3,3,3,3,1,4,5,2,1
447,Seville,62416,3,1,3,4,1,4,1,5,1,1,0,0,1,1,0,1,4,1,2,0,1,0,0,3,1,0,0,0,1,0,1,2,0,4,0,3,0,3,1,3,1,2,3,3,6,3,2,1,4,5,3,1
448,Cadiz,10572,4,1,3,5,1,4,4,1,1,2,1,4,1,1,1,0,1,1,3,1,0,0,0,0,0,0,0,0,1,0,1,4,0,1,3,0,0,2,2,3,1,3,3,4,3,4,1,1,4,5,2,1
449,Seville,62416,5,1,1,4,1,3,6,1,1,1,1,4,0,0,0,0,0,1,3,1,0,0,0,0,0,0,0,0,2,0,0,4,0,1,4,0,0,2,3,3,1,3,3,3,4,3,1,2,3,6,2,1
451,Nehiyaw (Plains Cree),14125,4,1,1,5,2,4,1,5,1,1,0,0,0,0,0,0,0,1,3,0,1,0,1,2,4,0,1,1,1,0,0,4,1,1,0,3,0,1,1,1,1,1,1,1,1,1,7,1,4,1,2,1
452,Nehiyaw (Plains Cree),14125,3,1,1,5,1,4,1,7,1,1,0,0,0,0,0,0,0,1,3,0,1,0,0,2,4,0,0,0,1,0,0,2,0,3,0,4,0,3,1,1,1,3,1,2,2,2,7,1,3,4,2,1
453,Nehiyaw (Plains Cree),14125,1,1,3,5,1,4,1,6,1,0,0,0,0,1,0,1,1,0,1,0,3,0,0,0,4,0,0,0,0,0,1,3,0,2,0,4,0,3,1,2,1,3,2,2,2,2,6,2,3,6,2,1
454,Nehiyaw (Plains Cree),14125,3,1,1,5,1,4,1,6,1,1,0,0,0,0,0,0,0,1,2,0,1,0,0,3,4,0,0,0,1,0,0,3,0,2,0,4,0,3,1,3,1,3,2,2,1,3,6,1,3,5,2,1
455,Nehiyaw (Plains Cree),14125,2,1,4,3,4,6,1,3,1,1,0,0,1,1,0,1,4,1,2,0,1,0,1,1,3,0,1,1,1,0,1,3,1,4,0,2,0,1,1,1,1,1,1,1,1,1,7,1,5,1,2,1
456,Nehiyaw (Plains Cree),14125,5,1,1,4,4,4,1,4,1,4,0,0,0,0,0,0,0,1,2,0,1,0,1,3,1,0,1,1,1,0,0,4,1,3,0,4,0,2,1,2,1,3,3,2,1,3,6,1,4,5,2,1
457,Nehiyaw (Plains Cree),14125,4,1,4,4,2,4,1,4,1,1,0,0,1,4,0,1,1,1,1,0,1,0,1,3,2,0,1,1,1,0,1,4,1,1,0,4,0,2,1,1,1,2,2,1,4,2,7,1,5,4,2,1
458,Ekonda Mongo,15027,3,1,3,5,1,4,1,5,1,1,0,0,1,1,0,1,1,1,2,0,4,0,0,1,3,0,0,0,3,0,1,4,0,1,0,1,0,3,1,3,1,3,2,3,3,4,1,3,4,5,2,1
459,Ekonda Mongo,15027,3,1,3,5,1,3,1,5,1,1,0,0,2,1,0,1,1,1,1,0,3,0,0,1,4,0,0,0,1,0,1,4,0,1,0,3,0,4,1,3,1,1,1,1,5,3,1,4,4,3,2,1
460,Ekonda Mongo,15027,3,1,1,5,4,3,1,5,1,1,0,0,0,0,0,0,0,2,4,0,1,0,1,1,3,0,1,1,1,0,0,4,3,3,0,1,0,3,1,3,1,3,2,2,4,4,2,3,4,6,2,1
461,Ekonda Mongo,15027,4,1,3,4,3,3,1,4,1,1,0,0,1,1,0,2,1,1,1,0,1,0,1,3,4,0,1,1,3,0,1,1,4,4,0,1,0,3,1,3,1,3,2,3,3,3,2,3,5,6,2,1
462,Ekonda Mongo,15027,4,1,3,4,3,4,1,4,1,4,0,0,1,1,0,2,1,1,3,0,1,0,1,1,1,0,1,1,1,0,1,4,1,1,0,1,0,3,1,3,1,3,4,2,3,4,1,1,5,5,2,1
463,Ekonda Mongo,15027,5,1,3,5,3,3,1,4,1,1,0,0,1,2,0,1,1,1,1,0,1,0,1,3,4,0,1,1,1,0,1,4,3,2,0,1,0,3,1,3,1,3,2,3,3,4,3,2,5,6,2,1
464,Ekonda Mongo,15027,3,1,4,3,3,4,1,4,1,1,0,0,1,1,0,2,4,1,1,0,1,0,1,3,1,0,1,1,1,0,1,4,3,1,0,1,0,3,1,2,1,3,4,2,3,4,2,2,5,6,2,1
465,Ekonda Mongo,15027,3,1,3,5,3,3,1,4,1,1,0,0,1,1,0,1,1,1,2,0,1,0,1,4,3,0,1,1,1,0,1,4,1,2,0,3,0,3,1,3,1,3,2,2,3,4,3,2,5,6,2,1
466,Ekonda Mongo,15027,3,1,3,4,2,5,1,4,1,1,0,0,1,1,0,4,1,1,1,0,1,0,1,3,2,0,1,1,4,0,1,4,1,3,0,1,0,3,1,3,1,3,2,3,3,4,2,2,5,6,2,1
467,Ekonda Mongo,15027,4,1,3,4,2,3,1,4,1,1,0,0,1,1,0,1,3,2,1,0,1,0,1,1,4,0,1,1,4,0,1,4,2,1,0,1,0,3,1,3,1,3,3,3,3,4,2,2,5,6,2,1
468,Nehiyaw (Plains Cree),14125,3,1,1,4,3,5,1,5,1,1,0,0,0,0,0,0,0,1,4,0,1,0,1,2,3,0,1,1,1,0,0,4,1,3,0,3,0,1,1,1,1,1,1,1,1,1,7,1,4,1,2,1
